pop_2013,pop_2013_sqmi,median_age,num_households,avg_household_size,obesity_prevalence,diabetes,num_pharmacies
300046,173.1,33.0,107332,2.64,69213,16977,51
2621,1.1,46.9,1149,2.18,552,152,1
32723,11.9,38.0,12187,2.49,6702,1589,7
103018,13.9,31.2,36441,2.56,22067,4594,13
97147,3.9,34.8,31824,2.75,25287,6372,9
7008,0.3,37.5,2567,2.59,1630,471,1
2398,0.9,46.4,1053,2.23,833,269,2
4890,0.3,29.1,1563,3.07,1166,336,1
658,0.1,39.7,270,2.39,154,38,1
3803,1.2,41.6,1599,2.36,624,205,1
9124,3.1,38.1,3545,2.43,1762,525,2
13846,2.9,38.3,5305,2.49,3980,956,5
1656,0.1,30.8,553,2.88,423,106,1
58517,3.6,40.6,22161,2.42,14318,3679,13
5581,1.5,39.9,2194,2.51,2176,656,1
14135,2.1,32.7,4630,2.86,3329,780,4
9711,0.4,27.7,2815,3.29,2481,457,4
9940,0.3,39.8,3966,2.38,2412,778,3
1003140,109.2,37.6,388660,2.46,191222,64039,1
3937540,426.9,34.6,1411583,2.67,830450,273499,33
26037,44.0,46.8,11078,2.31,7260,2327,7
37545,62.4,41.4,15120,2.41,9637,4069,7
17837,28.7,39.7,7002,2.52,4894,2123,5
8232,12.3,46.6,3574,2.27,1992,1003,2
24646,32.1,36.9,9759,2.38,6380,2852,5
9575,12.0,46.7,4000,2.34,2050,1334,1
18152,28.7,39.5,6933,2.55,4844,2247,3
12314,19.9,46.9,5196,2.32,2580,1297,5
13542,23.2,47.3,5731,2.26,3724,1412,4
8701,14.5,40.2,3416,2.53,2209,1062,1
18537,22.2,36.8,7360,2.41,5598,2660,4
14172,24.8,37.9,4207,2.54,3602,1714,2
8926,14.4,41.5,3697,2.39,2256,895,1
8278,10.1,46.0,3571,2.32,1960,670,1
96782,131.7,44.4,40994,2.29,22468,11501,28
43249,74.6,37.8,16425,2.53,11902,4786,11
24405,32.0,39.7,9754,2.49,7387,3698,10
17614,24.3,46.6,7433,2.3,4835,2007,4
26236,38.4,37.2,9812,2.55,7491,2444,3
28193,43.9,37.2,9616,2.51,8576,3650,5
12727,20.9,47.5,5325,2.3,3816,2078,3
62293,75.0,35.1,23353,2.5,16002,5139,15
101555,142.5,33.2,37291,2.49,29022,10594,36
17281,29.2,40.9,6938,2.42,4029,1161,6
21530,38.0,40.5,8463,2.48,5781,2909,4
27726,43.4,43.9,11393,2.39,5832,1788,6
16076,19.2,40.9,6174,2.53,4151,1445,3
41813,71.3,50.7,18748,2.18,11200,5662,7
20648,23.9,43.1,8450,2.43,5032,1961,5
16527,25.8,50.1,7411,2.23,3788,2244,3
128741,235.6,36.6,49599,2.49,29106,11619,37
17401,28.7,46.9,7360,2.32,4969,2571,6
121364,182.7,31.6,42614,2.56,31436,8577,31
18130,29.3,39.8,7037,2.51,4462,1725,5
17763,27.1,41.7,7299,2.41,4596,2468,5
32909,52.9,40.1,12664,2.48,9296,4597,6
11302,18.4,40.2,4457,2.49,2751,1169,4
62933,104.2,37.5,23447,2.62,15970,6808,12
212458,223.0,30.8,76389,2.56,48239,14444,62
37122,48.1,38.9,14391,2.48,7800,3772,9
11465,12.8,39.8,4368,2.55,2963,1402,3
21931,23.3,40.3,8765,2.47,6504,2329,7
10409,18.6,41.7,4170,2.47,2594,1158,1
15859,24.7,43.2,6845,2.33,4895,1763,6
7923,12.8,44.1,3481,2.32,2138,957,3
18012,28.1,40.6,6724,2.38,5806,3221,5
71169,88.6,35.3,25295,2.68,22158,6576,17
22806,30.8,37.8,8839,2.52,4616,2917,5
50243,78.8,34.2,19026,2.64,14241,6757,10
11504,17.6,40.3,4673,2.42,3785,1311,3
13781,23.2,38.2,5365,2.54,4295,1248,3
8022,12.0,42.7,3280,2.35,2179,437,2
10236,16.5,39.7,3624,2.39,2927,1220,2
7521,13.8,43.2,3150,2.39,2516,1578,1
5335,8.4,43.3,2262,2.3,1206,707,1
17725,30.5,33.8,5975,2.83,3894,1686,5
7101,12.0,43.3,3134,2.28,2142,1364,3
113850,155.9,38.8,41441,2.55,26384,11099,19
235063,265.8,34.4,82087,2.67,53770,16478,49
8735,12.9,44.5,3685,2.33,2849,947,2
22222,30.4,41.3,8704,2.5,5377,2945,6
11644,16.9,41.7,4579,2.42,3185,799,4
21002,28.9,36.8,8491,2.53,5813,2543,5
76842,84.1,37.3,28873,2.49,21314,8282,16
388661,481.3,36.1,158772,2.36,97235,34699,114
43490,68.3,37.2,17219,2.44,11114,3983,6
25845,34.9,42.1,11003,2.34,6896,2732,7
22293,23.5,37.8,8219,2.66,5913,2218,4
45905,49.9,34.9,17741,2.58,12463,5275,13
22776,25.8,33.7,8783,2.32,4466,2453,7
41488,39.3,40.1,16951,2.43,10154,3995,11
18827,18.2,40.7,8005,2.35,4183,2641,7
13105,23.2,41.2,5411,2.41,3566,1959,3
79948,76.7,35.9,29342,2.52,18006,7696,21
13034,15.9,38.8,5321,2.43,3255,1183,6
825162,17415.8,38.5,345811,2.26,137237,50362,138
263212,589.2,36.8,94355,2.66,39596,14395,40
3065100,3836.0,36.2,992781,2.99,463427,203348,688
730953,1600.6,39.2,257837,2.75,125851,45245,101
417406,469.1,36.9,141758,2.83,100304,33793,56
96367,158.4,34.6,31437,2.98,21777,7056,18
137194,174.0,39.7,48876,2.69,25651,9299,22
73557,114.3,32.2,24307,2.92,18178,6262,9
155992,112.1,31.1,41233,3.19,30885,10944,19
38305,63.2,48.2,14569,2.3,9228,4266,6
46093,44.5,49.1,18886,2.39,11208,4303,6
1076524,1417.1,38.4,375364,2.77,204215,74573,149
28293,27.9,39.0,9907,2.5,7261,2145,6
21831,18.9,33.5,7056,3.0,6126,3174,3
1442760,1451.6,34.8,513945,2.71,322712,105636,228
696124,488.0,32.7,215007,3.12,167264,53374,95
28625,21.6,35.3,9800,2.84,6390,1913,5
205985,201.3,30.5,70872,2.74,37534,9880,29
18380,12.6,49.2,7693,2.28,3413,1020,2
258959,131.0,29.6,75642,3.32,50940,25586,39
99423,102.0,47.5,41527,2.35,17576,4941,15
66259,49.8,45.0,26548,2.39,12410,6298,12
56744,40.8,34.3,16805,3.27,13626,3789,7
182590,102.2,43.5,70223,2.55,32543,11885,30
1544833,2076.2,36.6,545138,2.7,245795,87935,221
521401,344.4,32.9,165180,3.08,115855,43167,80
829507,446.7,36.2,266920,3.04,130080,58437,166
1824941,1405.5,36.2,604204,2.9,281426,111010,267
490657,308.6,39.8,185825,2.55,87649,28082,78
255910,486.9,44.5,103210,2.36,33772,10722,43
221062,131.8,37.1,87618,2.45,47186,16989,39
360547,240.0,40.3,132627,2.6,59439,19102,72
9644,2.3,46.0,4064,2.3,2002,1315,2
154171,71.6,33.1,43317,3.28,38720,13287,21
178870,39.9,32.0,49126,3.34,42777,11427,27
63681,21.5,39.5,23767,2.63,13048,4632,12
55092,24.2,47.1,22156,2.3,14529,4269,11
19965,7.6,49.5,8977,2.2,4092,1679,5
453483,93.7,29.6,130352,3.36,112704,28369,72
14389,4.6,37.2,5768,2.42,2839,626,2
177766,46.2,41.8,70346,2.48,32432,14942,36
35507,7.5,37.0,10058,2.5,10179,4874,4
87751,25.0,41.6,34945,2.46,21413,5087,19
135731,37.9,37.3,56031,2.31,30544,9337,29
3152434,744.1,34.7,1086865,2.75,507783,177231,483
271667,81.8,39.4,102016,2.48,55815,17566,51
425674,154.7,33.7,142104,2.86,80275,28534,65
863589,105.8,30.7,254610,3.15,194733,56073,146
45205,7.1,46.8,19505,2.28,10740,4528,7
2265252,310.2,33.7,686260,3.14,462155,159681,379
9919025,2426.9,34.8,3241204,2.98,1653819,639139,1921
18603,1.8,45.5,8049,2.25,3868,1289,4
950067,158.1,30.7,289391,3.15,211309,72485,162
2085785,103.7,31.7,611618,3.26,433475,142112,330
34088,183.0,38.9,11622,2.81,6307,1559,1
701447,2588.6,34.3,271809,2.5,145803,47080,1
700675,2034.6,35.4,260056,2.61,159967,47912,1
22600,105.6,40.6,8433,2.61,5107,2994,1
183646,427.8,34.5,60691,2.91,45831,17868,1
133127,298.6,36.5,45673,2.77,29353,9674,1
114116,223.5,29.9,39747,2.59,31501,12970,1
10820,24.0,33.2,3651,2.78,1697,346,2
22783,55.6,37.0,8262,2.73,5606,1747,2
38962,82.3,22.7,10611,3.44,6847,1808,6
23361,38.8,31.8,7540,2.95,4922,1068,5
15531,21.2,34.4,5531,2.79,3555,1128,4
195870,324.6,31.7,63604,2.92,49860,13988,27
9207,11.7,44.7,3837,2.4,2174,596,2
20395,26.7,35.3,7170,2.79,4809,1871,2
407073,383.9,34.8,148445,2.58,83078,25607,75
13034,19.5,31.5,4079,3.11,2850,657,2
3869,8.1,47.7,1657,2.26,805,360,1
16768,29.6,42.9,6495,2.55,4747,1458,4
38229,35.5,28.5,14708,2.32,6895,1586,10
144917,110.1,38.8,54200,2.53,30130,8865,25
6026,5.7,40.5,2281,2.61,1101,323,2
4348,3.6,38.9,1545,2.74,876,244,1
11568,9.1,42.7,4421,2.47,2486,787,2
27530,24.9,30.0,8146,3.2,5572,1912,2
39860,46.5,40.9,16241,2.36,9420,3096,7
10312,7.0,43.7,4034,2.5,2608,845,2
7895,5.5,33.2,2641,2.94,1805,701,1
23871,9.3,32.0,7666,2.96,5724,1746,6
79521,41.2,34.4,28760,2.65,19100,4885,18
84975,74.1,31.5,30682,2.64,18952,5583,12
6954,3.9,37.6,2606,2.64,1436,634,3
42076,21.9,45.7,17100,2.37,8540,3035,7
107493,56.6,31.8,36629,2.81,21595,6806,17
13495,7.1,33.6,4436,2.88,2695,1037,3
46694,22.0,31.8,14999,3.02,9313,3625,7
8900,3.6,48.7,3660,2.23,2266,850,2
12899,4.9,46.1,5605,2.25,3433,934,4
27209,8.8,30.0,10140,2.6,6629,2051,3
10232,2.7,46.6,4393,2.23,2319,535,3
21789,8.2,40.4,8823,2.39,2466,697,5
11508,1.5,35.9,4076,2.79,3174,1089,2
8154,1.8,49.7,3576,2.2,1483,650,2
16245,1.9,47.9,6834,2.3,4049,1291,3
917400,2726.5,38.0,337132,2.68,186941,60641,1
711221,1509.5,36.6,241712,2.82,129299,44288,5
147109,325.8,40.0,61303,2.34,36822,15388,1
5247811,5478.6,35.3,1966356,2.6,1103737,373516,9
76316,513.1,39.0,29479,2.48,19906,8220,1
911185,2260.9,34.0,366176,2.42,223767,81293,7
60013,141.8,38.5,21149,2.65,12566,4444,1
112411,299.0,37.8,44248,2.46,31995,10030,2
360259,545.8,35.3,137851,2.53,85622,27561,1
135005,216.6,29.4,52715,2.33,28749,6525,1
34419,44.8,32.8,11584,2.7,6799,1616,1
121983,474.8,35.6,43216,2.73,32948,9874,1
49729,284.9,35.7,17642,2.65,12717,4624,1
302940,1061.3,33.8,123043,2.3,64147,23796,5
744296,1864.6,37.7,309175,2.35,185967,70060,7
76426,254.5,38.0,27673,2.67,20605,10261,1
108280,217.8,39.8,44315,2.37,27471,9920,23
122949,129.3,42.7,51128,2.32,31673,9897,32
39593,52.4,44.0,16431,2.33,9508,3246,5
199260,196.2,42.9,81009,2.4,47927,15586,35
31277,17.9,43.3,13000,2.28,8031,2175,7
58370,26.8,44.5,24300,2.35,14961,4339,8
35217,130.8,44.2,15088,2.32,6951,2338,4
17632,4.0,47.9,7825,2.21,5008,1554,6
154726,43.5,39.9,62966,2.33,39743,13519,39
53273,13.0,43.5,21927,2.35,13466,4750,10
71762,10.5,45.3,30961,2.26,19367,7099,19
34736,73.1,48.1,15149,2.24,6762,2410,5
283479,307.1,41.0,117339,2.32,53108,19664,71
40034,106.0,46.1,17258,2.22,8650,2640,9
33075,12.0,46.0,14302,2.24,8105,3130,11
54932,32.5,46.2,24221,2.2,10908,3958,12
147522,225.4,36.3,57080,2.48,30499,8713,1
1170159,1928.3,35.9,475913,2.37,211395,62139,1
406096,692.5,36.7,152060,2.6,86929,23193,2
153041,110.1,33.4,56232,2.53,32919,9448,1
45776,15.0,33.3,16846,2.51,10995,3190,1
59661,119.2,33.1,21542,2.57,15062,5572,1
80367,112.4,36.8,31090,2.46,20348,7556,1
59940,116.1,36.0,23487,2.49,16058,7917,1
167126,336.2,35.0,57748,2.78,44202,15031,1
144947,179.8,36.1,52836,2.57,39588,14037,1
99292,133.9,35.8,35829,2.61,27292,5819,1
319351,4839.4,34.1,142057,2.16,83788,27968,72
2174,8.1,47.3,944,2.24,400,353,1
20738,49.0,40.8,7951,2.55,5053,2113,4
12908,30.3,39.9,3839,2.43,3757,1318,3
10359,23.6,41.7,4204,2.36,2499,815,3
4827,11.0,39.0,1880,2.54,1078,293,2
9626,22.4,41.2,3676,2.51,2175,1300,1
3771,8.3,43.5,1560,2.39,646,201,2
25649,52.6,38.0,9342,2.46,7650,2889,6
12424,25.0,41.0,4898,2.46,3220,1703,4
6849,13.9,42.4,2674,2.45,1411,805,3
4059,8.0,43.6,1708,2.37,1024,516,1
7896,15.6,45.7,3271,2.37,1989,924,2
9616,23.4,53.1,4371,2.19,2486,799,1
10229,21.7,39.1,3981,2.37,2499,528,3
229675,562.2,36.2,87217,2.51,58292,18070,51
54901,99.6,26.7,16004,2.64,11934,2837,7
13927,27.9,44.9,5838,2.37,3463,788,4
15927,38.0,37.8,5532,2.58,4921,1325,2
6327,12.6,42.5,2581,2.39,1285,339,3
23928,44.4,36.3,8404,2.73,4887,1390,2
8602,15.1,40.1,3214,2.58,2680,429,1
32520,63.7,49.9,13690,2.33,7985,3272,5
10249,20.1,38.7,3874,2.43,2476,1312,3
39377,64.2,39.0,14869,2.56,9086,3292,9
28932,65.2,39.0,11377,2.41,7633,3416,10
36797,62.0,37.3,13062,2.7,7363,3665,8
25827,45.4,28.5,9877,2.3,5173,1548,9
12260,22.6,43.2,4868,2.43,2374,1140,2
17685,31.1,38.6,6554,2.45,4557,883,2
4406,14.3,41.4,1796,2.44,996,439,1
16679,30.7,41.4,6524,2.54,4021,1622,3
15453,29.5,45.0,6250,2.4,3522,1267,5
12362,20.7,40.3,4929,2.5,2262,1318,3
91756,214.8,38.2,36103,2.45,21888,8354,23
6389,12.6,41.1,2559,2.43,1285,452,1
9236,17.4,42.7,3705,2.46,2429,1094,2
12734,20.5,42.4,5299,2.38,2995,1500,3
7166,14.0,42.1,2933,2.4,1499,742,1
59526,95.0,38.9,22021,2.6,12336,4410,12
90455,218.1,36.8,34509,2.45,25551,8001,25
54848,84.2,40.6,20755,2.41,11970,4186,16
18939,27.7,40.7,7499,2.48,3867,2121,5
6637,10.2,41.0,2740,2.41,1464,1007,1
33703,77.0,39.5,12339,2.61,8995,1827,5
39612,93.0,38.8,15538,2.49,10172,4748,12
31344,48.8,37.7,11677,2.54,8785,2957,10
17761,40.7,40.9,6700,2.55,4132,1572,2
14311,22.7,41.9,5637,2.49,3763,1967,3
117145,182.7,35.1,45639,2.52,33464,9632,32
42837,62.4,37.1,16428,2.52,11372,4692,9
281166,414.7,35.8,114244,2.31,71696,24416,82
15338,28.5,41.1,5871,2.36,4942,1618,7
677674,1099.3,36.1,274804,2.41,164483,56751,144
23154,40.3,40.6,8957,2.59,5975,2480,5
18123,35.8,42.6,7040,2.54,4707,1767,4
9146,12.6,42.3,3669,2.4,2003,686,2
8667,12.9,43.7,3638,2.39,2016,907,2
25362,33.3,39.1,9355,2.58,5837,2226,5
24752,41.3,40.2,9917,2.47,7178,1573,5
12472,20.1,41.9,4847,2.52,3014,2182,1
36533,46.2,41.8,14057,2.51,10114,3387,10
22198,30.3,43.5,9405,2.34,5125,1791,9
76723,190.8,37.6,29722,2.39,20455,6142,21
19263,25.6,51.3,8449,2.23,5138,1791,4
11180,14.1,45.3,4527,2.38,2460,722,3
9911,14.1,47.8,4161,2.31,2689,1020,3
25131,33.8,40.7,9831,2.48,7293,3009,5
9624,12.7,48.7,4194,2.29,1748,693,1
14130,23.1,39.2,5328,2.53,2941,2054,1
20905,34.1,46.1,8450,2.4,5345,439,5
17912,34.9,37.0,7350,2.46,4421,2386,6
14173,33.0,39.3,5180,2.41,4016,2101,4
19521,40.3,39.1,7357,2.54,5312,1218,5
80870,143.4,36.2,29077,2.64,19055,7163,17
15555,19.1,42.4,6412,2.38,3889,973,5
76973,131.2,36.3,29848,2.41,18669,7756,33
54089,64.9,29.8,19311,2.53,13264,4200,8
5651,10.3,46.3,2498,2.24,1623,942,2
41228,44.4,39.5,16192,2.46,10968,5247,12
18551,27.1,39.9,6560,2.49,5225,2186,5
66838,147.3,38.2,23981,2.45,19651,4788,22
101156,144.0,37.8,37150,2.65,27543,8094,19
53740,83.9,35.5,18906,2.75,14582,7453,9
36069,47.0,39.2,14081,2.5,8114,3927,8
45952,68.2,33.9,17564,2.4,11678,3822,14
21299,25.4,40.0,8396,2.42,4202,938,7
222048,334.5,37.6,81700,2.65,54176,21454,31
13518,17.5,45.8,5717,2.34,3488,1336,3
33793,52.9,40.6,13022,2.51,7833,2594,7
13661,16.8,45.0,5587,2.43,3132,1880,4
4839,10.3,46.5,2133,2.26,1022,532,1
10671,19.3,42.6,4378,2.37,2027,1083,4
23904,27.2,28.6,8545,2.31,5926,1467,4
168914,244.4,29.6,64077,2.4,34400,9683,46
15953,21.1,42.8,6338,2.44,2579,1596,5
44636,52.7,37.6,16333,2.48,12664,5767,6
23715,31.0,38.2,8883,2.46,5995,1933,8
102407,110.0,39.4,39170,2.57,25471,10731,23
6730,8.3,44.6,2778,2.37,1566,680,1
997467,1903.8,39.9,404765,2.42,210009,84874,251
4968,9.6,45.1,2132,2.31,1055,508,2
26491,22.5,42.1,10057,2.4,6095,2789,6
25466,36.5,38.4,9590,2.44,6793,3030,8
8396,8.4,43.3,3448,2.42,2195,862,1
17064,20.0,41.2,6744,2.48,4423,1385,6
43405,62.1,40.6,17614,2.38,11951,5009,16
45183,63.7,48.5,19068,2.27,8404,4276,15
7817,10.2,45.7,3242,2.35,1668,817,1
30197,36.4,41.2,12255,2.39,7949,3491,9
9306,13.3,42.3,3865,2.38,2491,1358,3
18997,27.2,40.4,7742,2.41,4768,1973,3
372739,629.6,36.8,134274,2.64,85968,22843,82
32200,58.8,39.3,12837,2.44,9035,4010,10
2173,1.5,44.9,887,2.28,505,147,1
34860,48.5,41.3,14932,2.22,6679,2102,8
9158,12.4,45.8,4018,2.11,2141,1083,4
2322,1.6,44.5,822,2.36,648,269,2
1750,1.2,50.4,798,2.14,355,247,1
3384,2.0,50.3,1587,2.08,1045,211,1
2959,1.8,42.5,1233,2.32,777,209,1
5356,2.8,41.4,2015,2.26,1017,204,2
5977,4.8,45.4,2347,2.37,1533,396,1
11922,7.2,46.1,4512,2.48,2410,642,2
3642,2.0,46.6,1590,2.27,778,139,1
4524,2.4,48.9,2046,2.19,1015,296,1
9067,3.8,43.4,3749,2.26,2007,581,2
1772,0.5,49.1,755,2.26,378,130,1
4268,3.5,49.8,1911,2.2,918,295,1
1150,0.3,50.1,532,2.16,315,113,1
10015,4.8,41.3,4167,2.33,2540,626,3
9776,5.4,45.6,3796,2.37,1790,627,1
16220,5.6,35.1,6275,2.47,4358,1205,5
29392,17.8,41.3,11432,2.46,6342,2044,10
6062,2.6,45.8,2450,2.29,1080,292,2
15643,5.6,45.4,7310,2.12,3105,971,6
1697,0.6,49.0,774,2.22,335,118,1
10064,4.9,48.2,4571,2.19,2321,515,1
8093,2.2,49.8,3560,2.11,1587,418,2
1867,0.8,50.1,806,2.13,381,103,1
6120,3.7,42.8,2285,2.41,1553,541,2
152425,57.5,38.2,60672,2.38,31377,9691,36
7031,3.0,45.1,2466,2.23,1786,649,3
11789,3.1,42.1,5031,2.24,2932,988,4
6580,1.6,35.1,2357,2.66,1745,608,2
41299,17.2,45.9,16933,2.35,8685,2156,12
10681,4.5,31.8,3553,2.88,2535,1242,1
82881,30.6,38.8,33809,2.33,16775,5456,20
92422,35.1,32.6,36550,2.36,13417,3491,23
20256,5.5,48.9,8843,2.2,4055,1484,5
5727,1.4,41.6,2294,2.48,1243,420,2
111611,42.6,34.4,45926,2.3,19920,5493,33
7392,1.5,46.3,3198,2.26,1739,676,2
11719,4.2,49.8,5121,2.19,2284,967,2
4231,0.8,46.7,1819,2.27,1067,324,1
11548,2.7,47.6,5099,2.18,2680,1040,2
65658,18.8,40.9,26694,2.3,13531,4168,14
9361,1.9,36.5,3395,2.7,2018,789,3
13051,2.6,30.5,4004,3.18,3230,1244,2
94504,18.0,41.2,37504,2.4,16196,5252,21
9367,1.7,42.0,4014,2.19,1966,577,2
21362,79.9,32.8,7218,2.88,5398,1524,4
5275,14.0,43.2,1847,2.31,1494,408,2
166296,672.1,33.0,58102,2.71,40742,11569,38
10674,25.7,34.2,3618,2.88,2250,479,2
2772,6.4,49.2,1230,2.22,680,156,1
5384,12.2,45.3,2212,2.39,1371,404,2
60050,108.8,35.8,22196,2.59,15111,4457,14
1929,4.4,48.2,867,2.21,515,174,1
6572,12.7,43.2,2681,2.39,1806,482,1
31319,55.5,37.7,12466,2.39,8427,2515,12
9190,17.0,42.9,3779,2.37,2491,678,2
3494,6.1,48.7,1519,2.22,923,296,1
5200,9.0,49.1,2296,2.21,1268,344,2
4439,7.7,49.4,2079,2.14,1145,342,1
3806,6.6,47.0,1604,2.28,909,288,2
3234,5.6,48.0,1406,2.25,718,153,1
7566,13.1,46.6,3348,2.22,2006,529,4
6532,11.4,42.9,2649,2.43,1593,444,1
9613,21.7,29.2,3507,2.38,2375,718,2
17120,29.7,37.9,6266,2.47,3831,1188,5
14331,24.9,36.3,5131,2.57,3711,1194,4
3150,5.5,47.6,1392,2.22,828,263,2
4278,7.5,46.8,1922,2.19,992,343,3
6308,11.0,43.1,2625,2.38,1770,526,1
2551,4.5,46.1,1069,2.32,691,180,1
5938,10.3,46.1,2483,2.28,1428,565,1
13699,23.8,42.1,5564,2.32,3725,1131,5
2146,3.8,50.3,935,2.16,434,108,1
35560,61.8,37.1,13939,2.43,8654,2784,14
9092,15.8,43.7,3756,2.4,2337,630,4
7249,12.6,42.2,2911,2.46,1687,594,3
535556,1576.5,33.6,202411,2.49,119958,35009,137
6926,17.5,29.4,2158,3.19,1922,837,2
9282,17.0,42.5,3563,2.53,2049,633,1
20215,51.4,40.8,7761,2.54,4803,1697,3
3704,8.3,45.0,1525,2.36,826,307,1
5994,12.4,42.1,2370,2.5,1487,382,1
8424,14.3,44.2,3391,2.42,2004,564,2
7293,17.7,41.0,2952,2.29,1989,539,2
6847,13.8,47.0,2906,2.32,1795,531,2
5504,8.0,45.4,2336,2.32,1327,428,3
11060,15.4,41.9,4663,2.29,2824,726,3
4953,6.9,47.3,2185,2.23,1226,369,2
36723,67.6,40.3,14990,2.38,9447,3214,10
25617,45.3,41.0,9698,2.57,7469,2194,2
8329,15.0,47.0,3718,2.21,2234,641,1
8788,11.8,44.4,3539,2.46,2267,548,2
293736,347.0,32.7,113373,2.4,65175,17115,69
22272,25.9,43.7,9422,2.31,6305,1789,6
32918,48.1,38.2,12658,2.51,8433,2217,11
6656,7.8,46.4,2841,2.33,1536,447,3
37595,50.4,39.0,14928,2.42,9424,3052,7
21039,27.7,41.4,8040,2.54,5318,1672,4
15966,25.8,42.9,6362,2.42,4695,1462,4
3995,4.5,43.8,1681,2.32,928,218,1
3877,4.1,45.9,1673,2.26,1069,329,1
2027,2.2,47.5,897,2.19,487,103,1
47144,48.3,32.1,18037,2.43,10584,3018,17
2971,3.4,43.8,1239,2.36,545,231,1
2760,2.8,43.3,1168,2.26,867,221,1
24540,24.1,36.1,8899,2.7,5949,1900,6
11458,10.6,41.3,4738,2.35,2929,901,4
8426,7.6,47.0,3753,2.22,1891,608,3
9987,8.3,40.4,4298,2.3,2175,653,4
7853,15.9,42.4,3151,2.43,2251,912,3
3120,2.5,47.9,1449,2.14,878,196,1
9281,6.6,33.2,3684,2.19,1861,506,5
5078,3.6,43.6,2085,2.38,1362,494,2
8605,7.6,46.6,3647,2.32,1997,638,2
2055,1.2,49.7,961,2.1,440,189,1
10408,4.3,46.0,4447,2.31,2403,770,3
10836,4.2,45.3,4714,2.29,2910,894,3
36588,14.2,39.1,15025,2.37,9713,3118,7
5421,2.2,46.1,2380,2.25,1263,498,1
5737,1.0,45.3,2530,2.24,1207,344,1
401532,449.9,39.2,155466,2.53,87652,29827,1
675683,578.9,35.9,266000,2.45,119003,35777,1
472039,8117.6,38.3,165516,2.78,99646,39646,1
1608915,70597.4,36.5,763846,1.99,202882,90397,2
1403759,33383.1,32.9,483449,2.77,307251,132105,1
160500,241.2,39.1,64702,2.38,37261,10861,1
376071,448.8,36.5,125925,2.86,82568,26198,1
468889,582.0,38.5,187686,2.4,103501,37986,3
2263697,20720.3,37.2,780117,2.82,427417,200067,1
917093,876.3,40.4,383164,2.32,213805,78870,4
112780,40.2,37.3,41605,2.43,27021,8886,1
1346158,4672.1,41.1,448528,2.94,244529,89534,4
45301,167.9,38.4,17395,2.56,11236,3208,10
38639,146.7,40.8,14425,2.5,10041,5279,7
20799,87.2,49.0,8989,2.24,5549,2535,5
21442,80.5,37.8,7313,2.6,4624,1909,2
59039,227.7,37.2,22058,2.58,14391,4927,15
17954,72.6,42.4,6664,2.31,3781,2573,5
39485,97.7,41.5,15826,2.47,8792,2811,8
136669,340.7,33.2,51457,2.41,24297,6198,45
284540,955.0,33.4,109348,2.35,57343,15348,73
23783,55.5,43.6,9190,2.43,5162,1109,2
82296,220.2,38.6,31962,2.49,19505,8622,18
187718,514.3,36.5,65666,2.69,51874,16854,52
12549,36.5,41.9,4665,2.6,3996,1354,2
53439,170.5,28.7,20403,2.24,7094,2982,15
154750,355.8,38.5,59960,2.45,38220,14843,34
38859,115.1,41.4,15486,2.46,11118,3176,5
14851,85.7,44.8,6059,2.4,4243,1811,5
11312,47.8,45.9,4778,2.31,2270,972,3
47764,104.8,42.7,19416,2.42,11819,4842,9
10918,49.5,49.5,4660,2.25,2738,539,3
42071,157.7,42.5,16245,2.52,13177,5089,11
9203,30.5,44.2,3701,2.37,2832,462,3
80036,260.4,40.5,30343,2.56,22894,7470,22
21144,47.6,44.9,8321,2.38,6515,1123,4
36006,112.4,38.4,13614,2.53,10333,4851,13
13024,34.6,43.9,5526,2.37,3978,1647,5
357898,866.8,37.1,141163,2.41,90326,30801,113
154941,374.9,39.5,60887,2.5,36845,12508,49
98953,211.3,40.3,38555,2.49,27817,11267,26
51161,130.4,31.0,16532,2.8,13896,4443,10
209661,576.2,38.8,79867,2.54,47357,16996,67
93217,162.8,42.2,38693,2.39,25693,10127,24
17870,57.1,45.5,7644,2.31,4188,2535,3
61473,152.1,40.5,23589,2.48,13108,4449,16
33743,88.7,48.7,14394,2.22,7316,2637,8
83243,175.5,41.4,33388,2.46,24655,11796,21
27755,64.7,45.5,11755,2.29,5568,3692,7
59302,147.4,41.0,24327,2.39,14453,7712,17
15475,69.6,45.7,6685,2.3,3253,2042,6
58162,108.4,39.8,20628,2.57,16805,4917,14
500984,761.7,36.3,196628,2.41,129281,37325,113
62803,127.0,39.0,23023,2.56,17534,4118,10
27021,50.3,39.4,9755,2.51,7575,3641,6
123669,222.2,36.6,47831,2.5,35008,15309,30
140196,267.6,38.9,53140,2.52,39268,14669,24
73701,137.4,41.2,29914,2.43,16722,8089,30
56790,112.1,39.6,21680,2.54,15143,6542,12
211161,330.2,36.1,67864,2.94,50593,14127,49
110563,294.7,45.4,45448,2.32,25446,8797,33
46101,103.3,41.7,17838,2.43,13955,4468,12
122424,203.5,33.5,41594,2.68,30606,10884,20
143127,181.2,39.4,55373,2.54,34422,12189,30
28343,56.5,40.2,10544,2.53,7515,3035,7
24784,69.4,41.0,9334,2.4,8555,4000,9
96655,178.1,39.9,37782,2.48,29624,10494,25
27799,59.6,48.1,11753,2.3,6062,2942,10
41245,181.7,36.5,14956,2.51,11626,3398,9
164121,275.0,38.7,61215,2.58,40926,15274,52
956904,1752.1,33.9,362213,2.49,217501,66195,259
164119,289.5,40.3,64515,2.5,39955,19629,27
68175,120.5,42.4,27466,2.42,14584,6733,14
41752,84.4,36.2,16446,2.23,9209,2669,10
91453,177.6,41.2,35804,2.45,25276,6211,21
60867,74.3,37.7,22495,2.57,17358,8996,16
21044,46.6,43.3,8494,2.32,4474,1131,9
60607,109.3,45.7,25563,2.28,15306,5504,15
35582,68.5,47.7,14591,2.29,7809,3694,10
177184,222.7,36.2,61909,2.7,51037,13267,37
46710,97.3,38.6,18430,2.47,13023,6503,13
331126,502.8,31.2,122431,2.53,81207,27638,55
956139,1115.5,34.4,345645,2.55,191818,64588,265
10321,21.8,44.1,4167,2.41,3101,2243,4
70067,92.5,42.4,28360,2.41,22536,7374,14
172996,264.2,31.0,67577,2.39,46846,12241,48
92763,131.5,45.0,37540,2.33,19304,8238,26
66327,93.6,43.7,25845,2.43,12940,6072,15
24392,52.9,44.0,10318,2.36,7695,2326,7
13968,56.4,46.3,5598,2.39,3640,1787,2
10281,42.7,40.1,3675,2.71,2518,830,1
21932,39.8,45.4,9193,2.32,5389,3525,3
247555,375.2,40.7,100412,2.3,44444,16781,97
135966,143.0,34.4,47997,2.71,37134,15699,49
35573,40.1,41.3,14430,2.4,11338,4967,22
21337,30.1,42.7,8359,2.39,6730,3176,5
14197,26.3,40.9,5672,2.42,3318,1382,3
64374,68.0,38.1,24005,2.6,16305,6966,16
54643,74.7,41.6,21970,2.42,17346,8799,16
58589,61.5,39.8,22489,2.45,19852,8192,24
4385,11.2,41.5,1595,2.37,1391,414,3
206998,1032.0,37.2,86046,2.28,46010,13220,56
106108,145.9,36.2,40299,2.45,23819,11985,29
54784,62.6,41.1,20333,2.51,13613,7665,15
48528,58.1,43.8,19941,2.37,14378,4032,11
13244,38.8,48.1,5490,2.27,3931,1658,6
5817,8.5,41.3,2119,2.35,1621,897,3
114307,132.7,47.4,46297,2.3,30039,13330,32
191283,249.5,25.9,60092,2.66,40217,12187,33
24171,92.6,41.3,8880,2.64,5560,1815,3
34594,90.2,43.6,14335,2.36,6394,2924,14
68341,132.8,45.7,28870,2.27,17608,6098,22
103571,252.9,40.7,40917,2.48,29002,10080,1
369682,786.4,36.0,135960,2.63,88444,30584,3
542489,1291.3,40.1,222781,2.39,123366,44138,3
801271,1941.2,37.0,333945,2.34,174714,65914,2
1185504,2181.4,33.5,477235,2.38,279756,87935,4
375986,647.7,41.2,151089,2.42,98566,35455,1
1267307,2759.0,40.2,545056,2.29,291837,105453,3
22789,42.7,38.0,8173,2.64,4354,898,5
49499,71.9,41.4,19183,2.55,11861,4654,8
77231,103.8,37.0,28288,2.6,20512,6997,11
37568,40.1,43.3,15742,2.29,8941,2422,15
86702,127.8,32.2,34317,2.35,17175,3818,19
101219,140.9,36.8,34726,2.7,25785,8479,18
542961,747.5,35.3,200934,2.6,128953,34207,86
756500,1625.3,35.8,304540,2.35,148697,50394,153
46643,47.3,49.6,20550,2.2,13993,4672,13
82852,50.5,47.1,34646,2.34,20847,7849,16
11452,5.6,36.6,3916,2.85,2693,1248,3
206410,73.7,42.2,83076,2.4,40418,16964,43
21927,12.2,39.6,7790,2.68,7300,3304,5
1896,1.6,49.6,864,2.14,523,242,1
382417,203.5,40.6,145790,2.56,88059,26134,60
20920,7.0,45.6,8558,2.42,5765,3158,5
7104,2.3,50.5,3133,2.2,1669,596,3
23050,14.1,53.5,10417,2.12,6450,2225,6
118396,51.3,39.2,45204,2.55,33307,9746,25
320834,268.4,35.1,112957,2.7,82443,23756,56
63247,39.3,47.2,27133,2.29,19493,6536,18
26240,12.9,40.0,10501,2.38,7408,1890,7
25507,23.1,47.4,10834,2.29,6807,1412,5
77047,23.8,35.7,26904,2.67,19372,7405,15
25489,10.6,41.8,10031,2.44,5515,907,6
162987,53.4,40.2,64090,2.44,31985,11755,34
7444,1.6,50.0,3352,2.19,1540,496,1
16302,5.3,47.7,7040,2.24,3876,1569,6
67473,11.0,41.7,27280,2.4,16627,6245,9
356434,77.2,38.9,145966,2.35,77975,25095,77
7937,0.9,47.2,3378,2.2,2115,941,2
109171,21.5,46.1,44581,2.38,26740,12023,22
7459,0.7,45.2,3205,2.28,1734,665,3
31329,3.2,36.1,10411,2.69,7895,1911,9
1544321,10971.3,33.6,599736,2.45,327079,125031,3
562250,3035.4,38.6,208700,2.57,113287,42748,5
300017,795.0,40.9,113565,2.53,73652,25600,1
127766,242.3,42.0,52159,2.37,29338,13950,1
809449,1661.0,40.6,307750,2.53,158693,52207,3
628750,1010.6,41.9,234849,2.63,129694,38917,2
89471,107.2,38.1,35005,2.39,21716,7014,1
1222551,1641.8,41.3,533960,2.23,270814,90399,11
321547,354.6,42.5,131932,2.34,72917,26401,1
240244,436.2,40.4,93943,2.37,55562,19739,1
210855,244.9,43.5,85089,2.37,54091,20736,1
281996,350.9,38.4,110413,2.42,70596,19682,1
363899,351.1,45.1,153650,2.32,87356,32914,1
85130,572.5,35.8,26448,2.94,16294,9615,18
8983,46.8,40.3,3078,2.67,1872,499,2
11153,43.1,45.7,4377,2.48,2728,2328,1
124366,449.9,35.3,45798,2.56,26741,9217,29
12517,61.6,38.0,4678,2.64,2523,1448,3
53948,123.5,45.9,20795,2.43,12587,3128,9
10941,37.1,42.1,4159,2.52,2895,1075,2
12799,49.5,42.3,5226,2.45,3585,1052,2
36884,55.6,44.0,12617,2.61,7276,1952,9
11130,15.6,46.5,4309,2.41,2633,1107,2
7087,9.9,33.9,2326,2.42,1320,694,3
8121,10.2,32.7,2643,2.96,1812,524,2
18011,23.3,39.9,6302,2.51,5243,2054,4
173315,255.1,30.4,55245,2.72,44344,11757,35
40647,68.6,40.5,14925,2.6,9297,5490,3
156984,213.8,36.2,52193,2.84,45220,14160,29
7212,8.7,32.6,2468,2.86,1463,285,3
132897,209.9,34.0,49016,2.44,33901,13871,24
75402,84.2,38.3,25840,2.78,22828,6935,10
83466,219.9,38.5,31031,2.62,25150,9453,17
143506,159.1,31.5,48688,2.77,34179,8129,25
13772,15.3,43.1,5447,2.47,3593,1385,2
12817,14.4,35.1,4200,2.73,3095,542,4
144231,159.9,33.6,50845,2.66,39147,7266,28
6397,7.1,33.6,1671,2.6,1152,268,1
37778,41.8,38.4,11333,2.55,10906,3818,6
5943,6.7,39.4,2246,2.61,1172,656,1
13883,15.4,33.7,4385,2.67,2713,1550,3
10317,11.7,32.1,3413,2.99,2705,607,1
17323,19.1,36.6,5838,2.6,3686,1041,4
3907,4.3,45.6,1668,2.37,696,227,3
15494,17.0,38.9,5999,2.47,3821,2012,4
287484,319.2,30.4,105781,2.53,74876,16996,58
122773,134.9,38.8,42069,2.71,32790,6165,21
3705,4.1,47.2,1669,2.19,734,324,2
9491,10.4,35.4,2809,2.49,2011,391,2
5976,6.6,44.6,2297,2.33,1211,467,1
4881,5.3,34.7,1649,2.88,1350,158,1
133494,145.2,32.9,50725,2.49,31110,7643,26
3433,3.7,42.7,1367,2.44,700,191,1
2429,2.7,42.3,930,2.29,408,95,1
23278,25.6,33.7,8242,2.7,4597,1154,4
9612,10.4,40.1,3665,2.47,2184,577,2
4100,4.4,49.1,1754,2.29,830,388,1
7876,8.7,36.9,2762,2.61,1302,351,1
7379,8.8,34.7,2578,2.72,1975,513,2
3381,3.7,43.5,1372,2.41,601,274,1
8060,9.0,33.7,2744,2.91,1453,958,1
1520,1.7,46.2,642,2.28,283,79,1
19521,20.1,45.2,7808,2.41,5252,2810,7
2415058,2658.4,32.6,855960,2.73,549462,148571,505
45936,56.8,39.9,15009,2.82,11784,4455,5
33382,78.4,32.5,10813,2.96,6852,2511,7
9128,9.9,39.3,3136,2.52,2179,424,1
61472,66.6,38.2,21015,2.77,15611,9632,11
24807,26.6,39.0,8499,2.56,5178,4033,4
39271,71.8,34.8,12301,2.82,11681,3160,6
9227,10.0,42.6,3538,2.54,1781,763,1
1903,2.1,46.0,751,2.46,410,128,1
22179,24.8,37.9,8812,2.5,4744,1701,5
18772,20.2,41.8,7343,2.49,4553,2494,5
116987,203.4,42.5,41363,2.6,30449,5433,30
3081,3.4,38.7,1179,2.55,613,162,1
5496,6.0,40.2,2181,2.46,1030,250,2
3957,4.3,35.8,1382,2.73,865,222,1
6206,6.7,42.3,2452,2.49,1221,355,1
22421,24.7,30.7,7197,3.02,3957,1193,4
837844,945.2,35.0,283759,2.74,186910,58986,231
20085,21.4,39.0,6034,2.52,6082,2141,3
122444,132.8,33.1,42933,2.66,31123,8981,29
10460,11.4,31.7,3617,2.81,1641,1256,2
126914,137.6,35.3,47975,2.47,26231,8501,23
1884216,2088.6,33.4,657134,2.72,421297,148302,402
5722,6.2,35.4,2006,2.77,940,239,1
4041,5.8,42.7,1722,2.39,965,256,1
3055,3.3,36.7,1081,2.78,593,89,1
23280,25.0,38.7,8443,2.48,5561,1803,5
3684,3.9,42.4,1517,2.27,708,288,2
8555,10.2,46.5,3442,2.4,1582,1003,4
15037,20.0,37.2,4463,2.57,3352,416,5
18987,20.4,42.6,7465,2.37,4740,792,4
20278,28.4,41.0,7539,2.58,4629,884,3
6267,6.3,38.2,2402,2.67,1427,383,2
109113,135.1,35.4,34964,2.92,29564,7822,20
28636,29.1,40.4,10871,2.56,6690,2228,5
13918,29.5,34.6,4187,2.65,2896,1426,3
36261,36.1,32.4,11846,2.83,7637,1921,7
10975,19.0,50.5,4738,2.27,2670,711,2
10509,25.0,48.3,4595,2.26,3225,1453,1
13955,13.7,36.4,5081,2.71,2426,1670,3
710841,745.7,32.9,240289,2.71,146353,50299,133
10471,9.9,42.4,4165,2.47,2205,1091,3
25462,26.5,46.3,10078,2.39,4233,3118,5
88219,100.0,37.8,32076,2.63,22165,9980,19
24200,29.5,38.9,9271,2.53,6410,2759,3
7214,7.6,37.6,2642,2.71,1852,596,3
76697,72.6,29.8,22545,2.84,23429,5592,8
38245,40.0,40.1,14778,2.47,10921,3586,11
14129,14.9,43.2,5580,2.48,2682,1563,3
38629,35.4,31.2,14569,2.47,7678,4884,7
17464,15.4,32.4,4854,2.87,3471,599,3
20832,26.1,48.7,8564,2.35,5283,1521,2
3741,4.4,41.7,1506,2.4,657,198,1
20200,18.9,37.2,7120,2.74,4474,3445,4
19912,21.2,43.4,7989,2.43,4462,1800,4
25744,24.3,49.6,10572,2.31,5944,793,8
4070,4.1,41.3,1041,2.4,1020,193,1
3388,2.9,33.6,1156,2.89,710,157,1
16834,26.6,39.8,6151,2.62,5245,1982,3
7440,8.7,45.6,2868,2.48,1600,454,1
329055,302.5,29.7,114035,2.65,82450,26343,39
26809,42.7,43.0,10096,2.6,6334,3028,3
3401,2.7,36.4,1256,2.62,606,178,1
70191,87.6,34.5,20969,2.44,20646,9060,11
32537,37.0,35.4,9042,2.69,7623,3317,5
14256,13.4,28.4,4297,3.26,2848,426,2
43204,62.1,47.5,17118,2.39,9558,6115,9
157167,165.2,35.0,50503,2.93,45103,14795,28
34553,38.4,41.1,12149,2.53,7850,1781,6
14771,20.7,47.1,6142,2.37,4487,3322,3
5383,4.7,35.7,1902,2.78,863,301,1
36198,45.7,38.7,13308,2.61,8135,2581,5
46472,38.0,36.1,15246,2.92,12450,5787,11
11768,9.0,30.9,3573,3.15,1958,333,2
12072,11.2,43.7,4257,2.44,2696,1355,2
10303,7.7,35.8,3421,2.89,2349,394,3
24856,24.3,40.5,9408,2.59,6377,2504,4
1345,1.9,46.6,573,2.28,272,73,1
19872,20.6,55.0,9008,2.12,4543,2014,4
77870,66.2,36.3,25073,2.81,19783,11541,16
21324,21.9,43.6,8182,2.51,4199,1610,5
53554,62.3,42.1,20047,2.59,10522,4639,9
123782,126.4,39.4,46905,2.53,28657,12277,31
6931,4.6,30.0,1931,2.75,1728,536,1
54261,57.8,38.5,18476,2.6,15286,6097,8
3565,2.6,45.3,1350,2.42,778,162,1
5053,6.7,45.8,1975,2.42,1108,244,1
41871,48.2,34.9,13961,2.9,9099,3707,6
838404,826.0,31.4,256557,3.06,165599,55471,112
4639,5.9,35.1,1471,2.92,823,263,1
10667,9.6,44.8,4319,2.47,2517,1239,1
141428,197.9,36.4,45762,2.83,37328,11192,20
41759,38.2,37.1,15132,2.7,10905,4481,10
4661,3.7,48.5,2016,2.26,1077,266,1
26507,17.0,35.3,9025,2.86,5863,2940,5
27404,34.2,40.0,8902,2.65,7679,3039,3
13664,14.0,37.9,5289,2.44,3271,1381,3
47428,35.5,38.4,15530,2.81,12229,4549,6
48802,44.9,37.1,17380,2.7,10481,3422,10
20523,23.0,41.0,7259,2.51,5146,2772,4
45256,87.3,31.8,14040,2.81,12428,3826,8
460429,405.8,34.2,152606,2.74,112842,33538,89
17329,25.6,42.9,6822,2.5,5154,646,3
29320,44.7,40.7,10837,2.6,6867,2270,9
8812,14.9,47.0,3625,2.38,2576,1537,2
4034,2.8,38.7,1550,2.65,920,228,1
1078662,1054.1,32.0,404467,2.48,196646,63380,185
43914,43.0,43.3,16511,2.53,10899,6196,8
643408,726.5,35.0,187384,3.09,150361,39173,221
14253,16.7,39.4,5284,2.62,3572,1766,4
16571,19.2,40.3,6541,2.51,4557,1991,4
67532,73.8,37.2,24523,2.62,21233,6946,9
18247,18.2,45.2,7254,2.47,4364,1442,4
35446,36.0,41.1,13238,2.59,8425,2660,8
15463,10.3,33.4,5259,2.8,4132,796,3
25977,31.1,37.6,9648,2.62,4836,1951,6
18807,12.5,28.4,5606,3.11,4264,693,3
51439,46.4,47.2,20550,2.32,9757,8317,10
34406,55.3,41.7,13037,2.45,7643,4135,9
63127,51.3,29.0,17001,3.54,15617,4327,9
49764,53.4,39.6,19829,2.48,12550,5469,8
19341,12.9,31.2,6365,2.99,3281,730,3
7005,4.7,32.4,2448,2.72,1713,398,2
488889,454.1,36.0,162530,2.78,102969,35477,107
22019,23.5,42.0,8007,2.41,5612,1148,3
9002,7.0,46.1,3857,2.3,1609,1141,1
30688,32.0,43.1,12429,2.42,8421,4580,5
56580,63.1,38.0,20462,2.65,15324,3149,13
1793579,1428.1,32.9,608931,2.75,391764,116272,317
45989,41.4,42.8,16503,2.49,16151,5933,9
88558,99.7,36.4,32187,2.65,24074,12037,16
11718,6.5,37.2,4090,2.74,2120,936,1
56149,43.5,30.0,15563,3.42,14368,6199,5
38995,43.4,39.3,14513,2.6,6949,2231,7
202629,343.3,24.7,71739,2.53,46663,12879,38
217677,229.2,35.6,79055,2.6,56015,22197,54
259432,262.6,36.0,93441,2.53,65816,26780,52
17076,15.8,45.7,6896,2.42,4372,2515,4
6181,5.4,40.7,2257,2.41,1151,281,1
79893,84.3,42.8,31020,2.49,22240,7609,15
23989,19.4,43.5,8656,2.41,4454,2074,4
10847,13.0,36.8,3995,2.64,3372,1737,2
806800,509.8,28.3,216471,3.55,185729,59997,146
88038,101.8,36.2,31090,2.7,25516,8946,13
64608,91.7,36.0,22637,2.83,18997,4918,14
14440,15.4,40.8,5476,2.51,3969,1338,2
12894,12.2,45.1,5469,2.32,3773,1782,2
113571,73.7,34.3,42331,2.48,24852,10504,20
52256,49.2,37.4,17894,2.68,15835,5202,11
58674,54.4,39.1,17218,2.57,16473,4674,7
36987,58.6,35.9,11952,2.92,7846,2205,6
36460,37.6,40.5,13770,2.52,10779,3078,7
4259951,2396.8,32.2,1435155,2.82,902489,324450,1056
66683,68.0,29.8,23861,2.49,16456,6988,11
94522,102.3,37.8,34669,2.49,32909,10256,22
7423,9.6,43.0,2841,2.55,1167,565,1
49574,15.3,32.3,15654,3.0,8431,2771,6
329137,228.4,35.1,106589,2.84,70890,26266,81
259786,77.0,27.8,67106,3.68,64867,11137,30
14504,5.5,35.3,3839,2.78,3212,818,3
3656,1.3,39.0,1422,2.58,710,134,1
7745,2.0,38.4,2906,2.69,1502,968,1
24069,39.8,32.1,5764,3.28,6322,3774,4
9541,1.5,41.5,4207,2.18,1874,868,3
303313,733.3,37.1,108969,2.63,80953,27805,81
15555,3.3,36.5,4894,2.75,5361,1268,3
32395,36.7,29.1,11097,2.71,7508,1292,6
415634,437.6,30.6,119631,3.36,85327,29142,73
36670,32.2,38.3,13894,2.61,10066,2623,8
345992,409.9,35.1,124587,2.68,85319,34276,55
23386,88.7,48.8,9795,2.32,8106,3747,4
21743,39.9,38.3,7766,2.72,4868,2138,4
1104820,2780.0,37.3,391627,2.74,183771,54166,1
436052,664.4,36.7,158099,2.67,103759,34333,10
103846,89.0,40.2,40244,2.51,27226,8967,2
59466,45.8,36.6,21719,2.5,12198,4798,1
184426,104.8,35.6,65304,2.66,42399,12267,1
484152,271.9,36.8,187167,2.44,104588,35073,5
92991,33.3,32.1,30041,2.93,21693,6941,1
253729,629.4,39.3,97220,2.49,62208,16537,1
734891,348.4,37.0,268325,2.62,170979,48725,2
72980,37.8,41.9,28579,2.45,19781,7317,1
249971,58.0,32.3,80592,2.97,58715,18996,2
21146,22.0,50.8,9499,2.17,5830,2600,4
1997548,912.1,37.1,789232,2.4,366706,120385,19
815600,481.9,35.9,299918,2.59,198140,60663,1
36760,8.5,27.2,15691,2.17,6969,1527,1
